{
    "ios": {
        "debug": {
            "codeSignIdentity": "iPhone Developer",
            "developmentTeam": "T5SW5K7KSR",
            "packageType": "development",
            "automaticProvisioning": true,
            "buildFlag": [
                "-UserModernBuilSystem=0",
                "EMBEDDED_CONTENT_CONTAINS_SWIFT = YES",
                "ALWAYS_EMBED_SWIFT_STANDARD_LIBRARIES=NO",
                "LD_RUNPATH_SEARCH_PATHS = \"@executable_path/Frameworks\""
            ]
        },
        "release": {
            "codeSignIdentity": "iPhone Developer",
            "developmentTeam": "T5SW5K7KSR",
            "packageType": "app-store",
            "automaticProvisioning": true,
            "buildFlag": [
                "-UserModernBuilSystem=0",
                "EMBEDDED_CONTENT_CONTAINS_SWIFT = YES",
                "ALWAYS_EMBED_SWIFT_STANDARD_LIBRARIES=NO",
                "LD_RUNPATH_SEARCH_PATHS = \"@executable_path/Frameworks\""
            ]
        }
    },
    "android": {
        "debug": {
            "keystore": "android.keystore",
            "storePassword": "hauptplatz",
            "alias": "community",
            "password" : "hauptplatz",
            "keystoreType": ""
        },
        "release": {
            "keystore": "android.keystore",
            "storePassword": "hauptplatz",
            "alias": "community",
            "password" : "hauptplatz",
            "keystoreType": ""
        }
    }
}
