{
  "project_info": {
    "project_number": "678386855215",
    "firebase_url": "https://nimbuscloud-d7e3f.firebaseio.com",
    "project_id": "nimbuscloud-d7e3f",
    "storage_bucket": "nimbuscloud-d7e3f.appspot.com"
  },
  "client": [
    {
      "client_info": {
        "mobilesdk_app_id": "1:678386855215:android:d3d986ef78fd1a6f7505da",
        "android_client_info": {
          "package_name": "at.nimbuscloud.companion"
        }
      },
      "oauth_client": [
        {
          "client_id": "678386855215-u6e2if7qbb6v29bi4fpn487bqs042ktc.apps.googleusercontent.com",
          "client_type": 3
        }
      ],
      "api_key": [
        {
          "current_key": "AIzaSyD5p3GvuyybidWwTNKu74adD40RRE5ay6Q"
        }
      ],
      "services": {
        "appinvite_service": {
          "other_platform_oauth_client": [
            {
              "client_id": "678386855215-u6e2if7qbb6v29bi4fpn487bqs042ktc.apps.googleusercontent.com",
              "client_type": 3
            },
            {
              "client_id": "678386855215-jvvl8v12do28uhtstdvvblk9gao3qnml.apps.googleusercontent.com",
              "client_type": 2,
              "ios_info": {
                "bundle_id": "at.nimbuscloud.companion"
              }
            }
          ]
        }
      }
    }
  ],
  "configuration_version": "1"
}